Date,Actual_Close,LSTM_1d,LSTM_5d,LSTM_10d,RNN_1d,RNN_5d,RNN_10d
2018-03-02,335.119995,336.02994,331.78625,331.1315,332.94513,335.41006,332.16885
2018-03-05,333.350006,332.59665,328.40448,327.84875,328.62643,337.02524,325.49805
2018-03-06,328.200012,329.84662,325.70602,325.26782,333.5576,328.10962,330.56403
2018-03-07,332.299988,326.33627,322.2439,321.91278,331.0187,329.63922,322.37598
2018-03-08,329.100006,325.85104,321.90924,321.67554,327.6385,329.22318,322.30145
2018-03-09,327.170013,324.66806,320.80148,320.6326,335.01752,323.2601,321.75443
2018-03-12,345.51001,323.35965,319.56918,319.44492,326.92062,324.88367,317.38492
2018-03-13,341.839996,329.77658,326.2235,326.1213,328.7351,339.23737,318.56027
2018-03-14,326.630005,332.98248,329.3963,329.23447,341.86862,334.56033,328.963
2018-03-15,325.600006,329.11227,325.34814,325.10962,336.75677,329.84186,322.46194
2018-03-16,321.350006,325.72455,321.946,321.70197,320.27972,328.9252,313.73224
2018-03-19,313.559998,321.70898,317.93402,317.73883,321.22565,316.66766,315.70383
2018-03-20,310.549988,316.07864,312.31897,312.20755,320.24518,311.50504,311.82794
2018-03-21,316.529999,311.28323,307.62964,307.63397,309.25198,316.30322,309.47955
2018-03-22,309.100006,310.6984,307.25595,307.38544,311.17206,313.3452,309.78687
2018-03-23,301.540009,307.96378,304.59836,304.81277,314.36288,300.32983,307.1909
2018-03-26,304.179993,303.47302,300.18134,300.46423,305.6533,302.89185,295.52737
2018-03-27,279.179993,301.64432,298.53006,298.89606,299.95804,303.606,295.04065
2018-03-28,257.779999,291.16214,287.99026,288.4169,293.13766,278.78662,282.939
2018-03-29,266.130005,275.82944,272.71338,273.24344,269.03177,268.85617,266.6366
2018-04-02,252.479996,268.63248,265.94305,266.69348,256.4049,270.3766,259.8104
2018-04-03,267.529999,259.5195,257.09024,258.05243,265.67233,246.7842,259.33084
2018-04-04,286.940002,259.82956,257.90344,259.08618,260.2501,259.85464,256.09082
2018-04-05,305.720001,268.87534,267.4036,268.74216,274.45673,276.1876,269.18924
2018-04-06,299.299988,283.544,282.35703,283.68518,301.70816,291.181,281.886
2018-04-09,289.660004,291.44473,290.1421,291.26987,301.51355,289.08502,285.79095
2018-04-10,304.700012,292.3938,290.83542,291.72647,288.37656,300.08014,274.46747
2018-04-11,300.929993,297.86374,296.24866,296.99612,291.12317,297.9638,281.96497
2018-04-12,294.079987,299.61298,297.7737,298.39313,300.52386,294.17023,288.73187
2018-04-13,300.339996,297.54645,295.4691,295.99954,291.921,298.5436,296.24557
2018-04-16,291.209991,298.0107,295.8608,296.3769,296.18555,304.23743,298.08115
2018-04-17,287.690002,294.64917,292.33582,292.8522,303.04578,287.69916,299.71
2018-04-18,293.350006,290.79218,288.41895,288.97464,288.96307,288.06686,293.61493
2018-04-19,300.079987,290.33862,288.03812,288.67145,284.05072,296.15005,291.93088
2018-04-20,290.23999,292.92578,290.71597,291.41306,300.8194,292.61594,294.70844
2018-04-23,283.369995,291.1867,288.90308,289.60446,292.68094,291.15875,288.63025
2018-04-24,283.459991,287.27127,284.95004,285.65622,284.10562,290.40005,280.76276
2018-04-25,280.690002,284.5558,282.29456,283.04358,290.492,284.16562,282.1216
2018-04-26,285.480011,281.79202,279.59088,280.39703,283.11502,279.28375,276.38293
2018-04-27,294.079987,281.96295,279.89673,280.76917,277.1359,285.7388,278.06534
2018-04-30,293.899994,285.7666,283.84647,284.76315,294.75946,293.01764,291.8096
2018-05-01,299.920013,288.631,286.7288,287.62646,298.97525,288.85272,288.94128
2018-05-02,301.149994,292.9166,291.0374,291.8838,292.7686,294.9391,292.4294
2018-05-03,284.450012,296.21704,294.27725,295.04245,298.8555,300.7619,293.06564
2018-05-04,294.089996,291.73102,289.55832,290.22647,300.6956,287.27856,292.10645
2018-05-07,302.769989,291.82968,289.69476,290.3568,282.44785,295.8889,281.60782
2018-05-08,301.970001,295.2617,293.17618,293.8556,291.31006,299.00153,289.95593
2018-05-09,306.850006,297.42557,295.2833,295.94064,309.68176,297.4932,296.23874
2018-05-10,305.019989,300.6919,298.52057,299.1377,303.4807,303.3141,300.1332
2018-05-11,301.059998,302.07278,299.7975,300.35455,305.01657,304.9129,297.959
2018-05-14,291.970001,301.20813,298.81155,299.31583,308.13577,297.41547,300.80695
2018-05-15,284.179993,296.8208,294.29025,294.77164,294.81628,294.8215,291.88467
2018-05-16,286.480011,290.58368,287.99435,288.5088,284.84286,290.22333,288.97614
2018-05-17,284.540009,287.17438,284.68393,285.29364,286.47006,288.1902,283.80093
2018-05-18,276.820007,284.4436,282.04892,282.76157,291.27396,283.592,287.00644
2018-05-21,284.48999,279.98486,277.6497,278.44476,284.98752,280.76245,287.15042
2018-05-22,275.01001,280.15298,278.02386,278.91345,286.10938,287.0159,281.25302
2018-05-23,279.070007,277.12546,275.03854,275.977,284.23608,273.2672,279.9891
2018-05-24,277.850006,276.78494,274.84854,275.83664,274.89343,279.29352,278.31818
2018-05-25,278.850006,276.3963,274.54895,275.56827,278.0712,278.40677,275.25165
2018-05-29,283.76001,276.71365,274.9513,275.9868,282.90723,276.82095,277.4656
2018-05-30,291.720001,278.98242,277.31296,278.3543,276.71182,280.10834,277.1447
2018-05-31,284.730011,283.77008,282.17902,283.20282,287.4923,286.91956,278.50916
2018-06-01,291.820007,284.4102,282.72003,283.6728,295.3462,284.9314,287.53577
2018-06-04,296.73999,287.28125,285.5922,286.49228,282.3341,293.56805,278.22702
2018-06-05,291.130005,291.00272,289.27982,290.12573,290.0305,288.31638,288.84018
2018-06-06,319.5,291.19547,289.32675,290.09863,296.93408,294.2961,287.7177
2018-06-07,316.089996,301.98938,300.25772,300.99072,300.21487,309.2747,298.86447
2018-06-08,317.660004,308.074,306.142,306.74002,312.76868,305.3309,310.2708
2018-06-11,332.100006,312.28207,310.13922,310.5801,321.83853,321.18713,312.78677
2018-06-12,342.769989,320.10046,317.84622,318.1461,321.7919,330.7584,312.83926
2018-06-13,344.779999,329.04822,326.61902,326.7467,333.80292,333.94128,329.32507
2018-06-14,357.720001,335.25293,332.5315,332.45316,342.2396,341.02344,329.12122
2018-06-15,358.170013,343.6727,340.73743,340.45642,349.4093,358.7135,340.44135
2018-06-18,370.829987,348.7618,345.48764,344.99234,354.21982,354.36026,349.77603
2018-06-19,352.549988,356.277,352.77643,352.08563,362.78534,364.51187,352.45038
2018-06-20,362.220001,353.5069,349.51523,348.64737,362.93106,357.3099,355.0536
2018-06-21,347.51001,354.60565,350.455,349.51813,355.90225,367.55887,352.63705
2018-06-22,333.630005,349.2964,344.8403,343.88467,350.96664,346.08533,348.01178
2018-06-25,333.01001,340.10568,335.46027,334.5775,346.34296,341.8035,337.72452
2018-06-26,342.0,333.64035,329.0569,328.3363,329.78976,338.14624,333.79752
2018-06-27,344.5,333.15533,328.79135,328.2506,338.8489,334.80682,328.98166
2018-06-28,349.929993,334.45358,330.2401,329.81537,347.00482,334.61417,341.02014
2018-06-29,342.950012,337.89822,333.81946,333.43015,343.7911,351.40802,331.8474
2018-07-02,335.070007,337.74554,333.6384,333.22336,347.24377,338.5936,336.53027
2018-07-03,310.859985,334.52115,330.36566,329.93112,340.01627,333.4317,321.345
2018-07-05,309.160004,322.91022,318.60193,318.20248,319.87006,319.51303,311.75018
2018-07-06,308.899994,314.2536,310.1064,309.85544,307.40042,314.5016,303.68243
2018-07-09,318.51001,308.70316,304.8012,304.75385,310.45837,302.23508,309.15588
2018-07-10,322.470001,309.3686,305.807,305.9478,313.09186,314.4851,303.91226
2018-07-11,318.959991,312.2085,308.87817,309.12173,320.467,313.25488,318.4531
2018-07-12,316.709991,313.30167,310.06058,310.31784,325.7526,315.77957,308.0998
2018-07-13,318.869995,313.29468,310.10452,310.34073,316.90945,310.90292,304.53723
2018-07-16,310.100006,314.0995,310.9734,311.18927,309.13635,317.72296,300.1248
2018-07-17,322.690002,311.24475,308.06958,308.26547,314.59778,306.94308,305.47015
2018-07-18,323.850006,314.0542,311.024,311.23444,313.2759,321.60178,299.71164
2018-07-19,320.230011,316.58838,313.57272,313.76855,316.66727,315.31744,311.8107
2018-07-20,313.579987,316.89813,313.82166,313.97638,325.59454,317.77438,310.62366
2018-07-23,303.200012,314.36197,311.1974,311.32208,317.6421,312.716,310.43005
2018-07-24,297.429993,308.44,305.19138,305.32806,306.44476,307.57465,300.28918
2018-07-25,308.73999,302.08093,298.8559,299.06775,297.2696,299.00107,299.23123
2018-07-26,306.649994,302.27563,299.27637,299.61295,300.98743,304.54895,296.84967
2018-07-27,297.179993,302.17584,299.27066,299.69138,306.655,302.02344,306.66837
2018-07-30,290.170013,298.78607,295.88953,296.34943,302.91876,299.4075,294.8148
2018-07-31,298.140015,293.85703,291.00528,291.51102,293.9278,291.71753,288.09723
2018-08-01,300.839996,293.68716,291.03525,291.622,292.52835,292.89236,284.9468
2018-08-02,349.540009,295.05438,292.53677,293.1811,294.39172,297.98624,288.21298
2018-08-03,348.170013,315.3605,313.30627,313.94385,317.93744,330.84866,307.0393
2018-08-06,341.98999,329.13715,326.92282,327.3103,345.89374,334.28745,331.12134
2018-08-07,379.570007,335.2724,332.69382,332.74527,346.3707,342.8456,322.878
2018-08-08,370.339996,352.85645,350.2406,349.97595,351.03003,363.25485,337.2749
2018-08-09,352.450012,360.02774,356.87823,356.2258,365.9584,360.01465,344.28207
2018-08-10,355.48999,356.53476,352.7595,351.8248,356.288,357.97266,346.68335
2018-08-13,356.410004,354.15103,350.05917,349.02618,345.4528,366.7812,342.8
2018-08-14,347.640015,352.30762,348.00253,346.97318,356.1017,353.89636,350.68613
2018-08-15,338.690002,347.4839,342.97037,341.99646,350.42603,340.32153,347.17502
2018-08-16,335.450012,340.74152,336.11826,335.2527,346.38257,345.52533,346.7514
2018-08-17,305.5,335.08563,330.50308,329.79123,337.5031,338.5854,334.83685
2018-08-20,308.440002,320.1428,315.44513,314.91016,323.7382,306.91556,322.52798
2018-08-21,321.899994,311.35992,306.98026,306.70255,304.3572,317.07584,301.1607
2018-08-22,321.640015,311.4508,307.5261,307.51508,312.61926,316.52734,310.33185
2018-08-23,320.100006,312.5783,308.92313,309.07626,325.03845,310.87512,302.92493
2018-08-24,322.820007,313.4638,309.99054,310.20547,325.0802,314.95126,312.59003
2018-08-27,319.269989,315.45773,312.14087,312.3611,321.57474,329.38538,300.40088
2018-08-28,311.859985,315.59488,312.32318,312.5143,324.54907,307.09534,307.38544
2018-08-29,305.01001,312.7753,309.48853,309.6537,311.57254,310.2673,295.9199
2018-08-30,303.149994,308.09473,304.81238,304.9909,301.37402,310.97455,299.93887
2018-08-31,301.660004,304.17694,300.97824,301.2195,306.22937,300.17834,296.58142
2018-09-04,288.950012,301.14026,298.05316,298.38138,305.1875,293.78247,304.98312
2018-09-05,280.73999,294.49203,291.4345,291.84537,291.16544,293.32602,287.28018
2018-09-06,280.950012,286.98633,284.04047,284.5587,290.12335,282.67108,289.74792
2018-09-07,263.23999,282.25888,279.5421,280.2031,282.32834,277.57385,276.21515
2018-09-10,285.5,272.82922,270.20526,270.98654,268.50812,266.4988,271.1565
2018-09-11,279.440002,275.26065,273.09946,274.05408,266.37527,280.47946,265.04977
2018-09-12,290.540009,275.6741,273.67032,274.7167,288.78943,268.98114,280.75705
2018-09-13,289.459991,280.71524,278.9413,280.0213,284.70984,285.9845,268.26807
2018-09-14,295.200012,284.1398,282.41022,283.4465,283.72507,283.6112,282.6815
2018-09-17,294.839996,288.64987,286.95392,287.9149,300.89218,295.07385,281.34995
2018-09-18,284.959991,291.42007,289.65424,290.51657,289.8723,288.95087,286.27612
2018-09-19,299.019989,289.13327,287.19388,287.95853,283.38803,293.72977,273.31516
2018-09-20,298.329987,292.51154,290.6249,291.36624,294.32846,294.05573,295.91116
2018-09-21,299.100006,294.53833,292.57202,293.2786,298.48438,292.88358,291.37717
2018-09-24,299.679993,296.05078,294.00412,294.6688,296.89413,298.96042,303.273
2018-09-25,300.98999,297.09857,294.97116,295.59732,298.38232,303.15146,299.88293
2018-09-26,309.579987,298.11993,295.92462,296.5209,304.43292,299.19107,298.92462
2018-09-27,307.519989,301.98898,299.79135,300.36502,295.3716,301.11075,293.71533
2018-09-28,264.769989,303.77194,301.46335,301.98495,306.82593,310.88303,304.10876
2018-10-01,310.700012,288.31293,285.56412,286.00357,289.83847,276.76205,282.4248
2018-10-02,301.019989,294.62262,292.33258,292.90192,281.34787,303.64297,283.90347
2018-10-03,294.799988,296.08243,293.7494,294.37943,301.50998,291.31064,293.55582
2018-10-04,281.829987,294.84344,292.45724,293.08612,308.68646,296.3529,297.8802
2018-10-05,261.950012,288.91174,286.4311,287.05576,280.94705,290.22336,286.17447
2018-10-08,250.559998,277.06015,274.49478,275.1537,276.73743,270.89252,270.65732
2018-10-09,262.799988,264.4547,261.99582,262.77383,259.74924,252.45428,259.77444
2018-10-10,256.880005,260.78012,258.7245,259.72583,251.77573,264.7301,255.9292
2018-10-11,252.229996,257.12466,255.31236,256.4988,266.31482,250.897,274.16904
2018-10-12,258.779999,253.64096,252.05261,253.36081,260.21252,258.47617,253.02075
2018-10-15,259.589996,254.36711,253.0674,254.47746,255.91093,257.34906,254.44362
2018-10-16,276.589996,255.87343,254.75746,256.2154,261.00128,250.81519,255.1581
2018-10-17,271.779999,263.89603,263.02716,264.50543,266.54813,265.86722,250.64867
2018-10-18,263.910004,267.98184,267.07953,268.47333,271.3552,271.49744,259.22855
2018-10-19,260.0,267.473,266.4427,267.71317,266.03378,270.19983,268.58356
2018-10-22,260.950012,265.0651,263.9422,265.13202,265.73187,257.8501,249.36624
2018-10-23,294.140015,263.38275,262.24258,263.41705,261.5557,258.76355,259.07254
2018-10-24,288.5,275.0175,274.14117,275.37448,267.47476,282.68643,268.23105
2018-10-25,314.859985,281.38196,280.3608,281.51483,296.19443,276.22748,284.3374
2018-10-26,330.899994,295.6704,294.68304,295.7158,305.63492,315.18695,299.07507
2018-10-29,334.850006,311.37897,310.23755,311.03207,314.9864,320.9218,308.0342
2018-10-30,329.899994,322.7381,321.2203,321.68182,336.4861,324.69424,318.06952
2018-10-31,337.320007,327.1668,325.1363,325.27432,332.99368,332.34113,325.5312
2018-11-01,344.279999,331.6299,329.22025,329.13364,325.58408,348.40405,322.12912
2018-11-02,346.410004,336.3103,333.56924,333.32047,336.33005,331.24963,339.61603
2018-11-05,341.399994,339.52115,336.44812,336.0686,348.207,353.26624,342.91025
2018-11-06,341.059998,339.08643,335.66904,335.19406,345.17194,347.78854,344.59842
2018-11-07,348.160004,338.1002,334.45544,333.94403,344.03217,342.71643,346.71936
2018-11-08,351.399994,339.86707,336.13086,335.61847,346.72644,345.00858,345.01328
2018-11-09,350.51001,342.2241,338.39154,337.86462,351.4029,349.69208,348.18112
2018-11-12,331.279999,343.36508,339.4098,338.84775,347.36664,356.10645,346.66724
2018-11-13,338.730011,336.52646,332.31268,331.73077,344.5728,332.12125,332.38458
2018-11-14,344.0,334.51492,330.36792,329.8478,332.448,342.3983,328.79144
2018-11-15,348.440002,335.37708,331.31506,330.8661,338.75504,336.9662,331.64966
2018-11-16,354.309998,337.95926,333.9625,333.5426,350.48737,346.52072,341.49213
2018-11-19,353.470001,342.1423,338.1892,337.7421,349.38654,348.82333,339.33978
2018-11-20,347.48999,344.62756,340.61435,340.09363,352.93906,353.27026,339.35663
2018-11-21,338.190002,343.76996,339.63095,339.0361,354.46875,342.66397,343.27075
2018-11-23,325.829987,339.31113,335.04068,334.42,338.8564,340.09903,330.1586
2018-11-26,346.0,331.3417,326.97934,326.40912,325.43652,327.65424,325.23407
2018-11-27,343.920013,333.74963,329.66226,329.20667,335.50632,342.7746,324.92618
2018-11-28,347.869995,335.098,331.06042,330.66467,345.6816,334.61646,335.9314
2018-11-29,341.170013,337.77747,333.8063,333.41412,347.7515,344.6382,336.21945
2018-11-30,350.480011,337.06348,333.03107,332.60788,342.03604,342.3627,333.75317
2018-12-03,358.48999,340.0688,336.11176,335.66254,351.34103,341.046,327.75146
2018-12-04,359.700012,345.19528,341.27075,340.76337,343.65323,350.09146,335.58237
2018-12-06,363.059998,349.01056,345.0073,344.39853,358.30185,352.99493,341.58926
2018-12-07,357.970001,352.5787,348.48315,347.7587,357.33328,359.6733,346.70157
2018-12-10,365.149994,352.63644,348.35873,347.52924,356.3752,357.48398,343.56946
2018-12-11,366.76001,355.06125,350.72934,349.83145,360.03516,360.76175,346.20685
2018-12-12,366.600006,357.07895,352.64734,351.6849,367.49313,359.05203,356.43863
2018-12-13,376.790009,358.14368,353.59906,352.5767,363.17218,369.00632,346.61136
2018-12-14,365.709991,362.58466,358.02805,356.94373,363.28754,367.4723,363.74112
2018-12-17,348.420013,361.09363,356.3195,355.16223,373.58636,365.76892,355.53433
2018-12-18,337.029999,353.1266,348.12228,346.9603,353.91794,353.07666,349.32977
2018-12-19,332.970001,343.18637,338.11942,337.0668,339.49866,338.18057,336.5334
2018-12-20,315.380005,335.06577,330.12097,329.2668,333.2091,335.7792,330.82233
2018-12-21,319.769989,323.34436,318.48187,317.86273,321.70523,316.84702,320.14066
2018-12-24,295.390015,317.65063,313.15097,312.797,316.6026,323.75818,318.97565
2018-12-26,326.089996,305.36758,300.99448,300.8771,308.65906,294.8596,300.55173
2018-12-27,316.130005,309.45566,305.736,305.8616,312.6105,317.92685,301.0671
2018-12-28,333.869995,309.70755,306.1765,306.42914,314.09973,303.0463,307.65244
2018-12-31,332.799988,317.30826,314.11548,314.39642,326.28104,328.41855,304.11752
2019-01-02,310.119995,322.4638,319.32318,319.52286,322.289,320.98553,310.63214
2019-01-03,300.359985,317.0213,313.6627,313.74423,324.33246,315.09326,298.55914
2019-01-04,317.690002,309.00424,305.58276,305.64468,299.23517,304.31268,293.7357
2019-01-07,334.959991,310.00998,306.83658,306.98813,301.06693,311.76175,288.22568
2019-01-08,335.350006,317.88037,314.92792,315.13855,322.4185,315.4458,316.12146
2019-01-09,338.529999,323.79276,320.8173,320.96875,332.39185,328.1475,319.34402
2019-01-10,344.970001,328.88623,325.83582,325.8644,339.54764,339.13525,325.34238
2019-01-11,347.26001,334.4351,331.29144,331.17676,335.54163,332.9337,321.96402
2019-01-14,334.399994,338.59818,335.28992,335.02383,339.186,338.41046,323.7732
2019-01-15,344.429993,335.8786,332.26596,331.87482,335.28394,335.7237,322.24103
2019-01-16,346.049988,337.33377,333.67325,333.24054,335.4921,347.45462,328.7155
2019-01-17,347.309998,338.7515,334.9961,334.53745,339.27435,338.3572,324.57965
2019-01-18,302.26001,340.05667,336.21356,335.7271,346.85336,341.3911,336.0485
2019-01-22,298.920013,323.4626,319.15915,318.66348,330.44052,318.46393,322.06235
2019-01-23,287.589996,310.43945,306.23767,305.90942,304.171,306.75293,302.21515
2019-01-24,291.51001,297.59293,293.57385,293.5149,287.90625,286.5042,295.053
2019-01-25,297.040009,291.07407,287.46344,287.71338,289.3821,293.6459,290.7069
2019-01-28,296.380005,289.9514,286.76123,287.27847,295.2796,290.578,298.57138
2019-01-29,297.459991,290.11197,287.22327,287.90393,302.57806,292.81903,290.6133
2019-01-30,308.769989,291.41016,288.7619,289.5149,297.15674,292.60498,284.41058
2019-01-31,307.019989,297.14343,294.74463,295.50876,303.11954,301.2951,284.20215
2019-02-01,312.209991,300.69586,298.33615,299.032,304.03958,300.8463,290.7435
2019-02-04,312.890015,304.99545,302.6609,303.26083,303.0368,308.03555,285.87866
2019-02-05,321.350006,307.94186,305.54144,306.03275,305.25934,310.86716,297.49768
2019-02-06,317.220001,312.86377,310.43106,310.8233,318.4898,313.05612,305.56024
2019-02-07,307.51001,314.2947,311.69077,311.97427,317.37827,309.8776,311.24088
2019-02-08,305.799988,311.04456,308.22794,308.43372,310.17142,308.4284,305.24854
2019-02-11,312.839996,307.71667,304.8156,305.01886,306.10162,308.3878,304.11255
2019-02-12,311.809998,308.03464,305.18054,305.43448,305.2244,311.22357,301.66098
2019-02-13,308.170013,308.0295,305.1645,305.4574,312.47278,306.06076,309.23648
2019-02-14,303.769989,306.71817,303.82343,304.13846,308.58725,312.78235,305.92053
2019-02-15,307.880005,304.14383,301.22955,301.56937,311.0481,300.9841,300.63596
2019-02-19,305.640015,304.00458,301.16757,301.5506,307.63104,306.62048,301.68613
2019-02-20,302.559998,303.23526,300.4212,300.83514,303.49155,302.0784,298.98788
2019-02-21,291.230011,301.62955,298.83066,299.26703,304.59167,306.20068,299.8998
2019-02-22,294.709991,296.22946,293.3887,293.84915,299.1552,294.12497,294.42963
2019-02-25,298.769989,293.86377,291.14993,291.67984,296.33746,301.38367,287.6097
2019-02-26,297.859985,294.12302,291.55225,292.15854,295.40814,289.03018,294.1567
2019-02-27,314.73999,294.32776,291.83478,292.48297,303.70566,294.756,296.40424
2019-02-28,319.880005,301.23492,298.9385,299.6033,302.30023,311.87854,296.50528
2019-03-01,294.790009,308.2423,305.96158,306.5559,317.78354,311.25024,308.3798
2019-03-04,285.359985,303.15247,300.55948,301.017,308.13464,301.92554,299.36414
2019-03-05,276.540009,295.3444,292.6255,293.04053,290.23453,290.49048,285.87875
2019-03-06,276.23999,286.27505,283.5426,284.02148,275.94482,281.1552,278.84998
2019-03-07,276.589996,280.01715,277.43912,278.0644,276.68527,271.40268,279.3915
2019-03-08,284.140015,276.391,274.01828,274.81033,274.6291,278.47507,279.30182
2019-03-11,290.920013,277.5061,275.39688,276.33472,284.16153,279.80118,285.93085
2019-03-12,283.359985,281.64627,279.74094,280.7551,289.85043,284.6464,280.96973
2019-03-13,288.959991,282.04468,280.14737,281.14368,287.4074,278.11276,281.38843
2019-03-14,289.959991,284.4397,282.62137,283.5873,284.0857,291.42078,273.86758
2019-03-15,275.429993,286.46774,284.6563,285.5768,286.05835,285.90125,279.03882
2019-03-18,269.48999,282.13098,280.17346,281.02896,285.54013,278.3856,276.77957
2019-03-19,267.470001,276.4881,274.4966,275.34558,272.65408,279.29373,275.7921
2019-03-20,273.600006,271.71942,269.78918,270.69778,271.47668,271.13513,268.2032
2019-03-21,274.019989,271.0097,269.24695,270.25717,271.57742,264.13235,273.6323
2019-03-22,264.529999,271.18982,269.5374,270.6237,274.50827,270.10052,275.1981
2019-03-25,260.420013,268.0214,266.37378,267.48477,272.75552,273.96463,272.40222
2019-03-26,267.769989,264.31128,262.72144,263.8607,268.01776,261.30728,268.5561
2019-03-27,274.829987,264.7061,263.28616,264.4883,257.2296,266.55002,255.98126
2019-03-28,278.619995,268.11926,266.84375,268.09308,271.5816,265.3575,270.0249
2019-03-29,279.859985,272.2908,271.07642,272.31763,279.0647,278.08234,267.95053
2019-04-01,289.179993,275.71536,274.483,275.66672,276.3221,277.58096,270.38068
2019-04-02,285.880005,281.50372,280.27725,281.39133,280.05344,285.0748,269.39914
2019-04-03,291.809998,284.00757,282.63733,283.645,291.84186,281.07593,284.60965
2019-04-04,267.779999,287.55228,286.09647,287.0161,290.257,294.11435,279.86707
2019-04-05,274.959991,280.35016,278.5621,279.37424,276.78098,273.01108,286.84335
2019-04-08,273.200012,277.4382,275.66214,276.49216,271.48926,279.91397,270.7676
2019-04-09,272.309998,274.7782,273.004,273.89822,275.21017,269.12134,284.26874
2019-04-10,276.059998,272.78357,271.0492,272.01605,272.89594,275.61694,273.0515
2019-04-11,268.420013,273.10614,271.46524,272.50284,274.98386,275.73837,282.87576
2019-04-12,267.700012,270.7043,269.05447,270.12238,277.5695,274.72046,271.36182
2019-04-15,266.380005,268.8356,267.2426,268.34268,271.6852,269.4613,275.77692
2019-04-16,273.359985,267.18686,265.6559,266.7916,265.9915,268.1697,260.26785
2019-04-17,271.230011,268.91977,267.51917,268.70007,270.75467,269.00085,270.43726
2019-04-18,273.26001,269.60287,268.22934,269.41727,269.6618,268.24258,263.67416
2019-04-22,262.75,270.92227,269.58502,270.76367,274.3724,274.2339,271.92706
2019-04-23,263.899994,267.79968,266.37927,267.52106,270.76804,265.04877,265.80524
2019-04-24,258.660004,265.86148,264.47504,265.6209,265.13785,265.6014,262.22476
2019-04-25,247.630005,262.5479,261.1659,262.33182,259.72983,259.36966,256.70932
2019-04-26,235.139999,256.08215,254.68405,255.8744,259.02286,255.25417,260.93372
2019-04-29,241.470001,246.85516,245.48315,246.7198,242.54108,241.23506,247.92397
2019-04-30,238.690002,242.98688,241.86351,243.22806,239.21584,240.71461,246.82083
2019-05-01,234.009995,239.9676,239.03065,240.51688,242.28664,236.62315,243.91597
2019-05-02,244.100006,236.70824,235.92584,237.49422,239.07988,234.3256,240.07362
2019-05-03,255.029999,238.77696,238.25243,239.91283,238.44075,241.31116,242.56323
2019-05-06,255.339996,245.11887,244.80437,246.52118,250.83727,248.7359,244.99303
2019-05-07,247.059998,250.14307,249.86072,251.5371,257.1401,255.23444,247.1267
2019-05-08,244.839996,250.35472,249.96074,251.52719,252.32756,249.49675,248.06142
2019-05-09,241.979996,249.14394,248.67442,250.15652,246.4318,247.76215,242.77097
2019-05-10,239.520004,246.82715,246.30019,247.74052,241.96086,241.56337,240.33684
2019-05-13,227.009995,244.06223,243.51265,244.95091,238.40077,242.15279,247.9348
2019-05-14,232.309998,237.31874,236.69972,238.13695,236.8629,234.96422,244.26709
2019-05-15,231.949997,234.52925,234.04039,235.55293,234.53123,235.10655,238.49258
2019-05-16,228.330002,232.87743,232.49796,234.09534,234.82541,231.21364,242.9719
2019-05-17,211.029999,230.77425,230.4716,232.1243,234.66415,230.11429,238.56195
2019-05-20,205.360001,222.99928,222.66158,224.30556,222.4137,218.29674,229.48799
2019-05-21,205.080002,215.31613,215.07883,216.74979,208.85617,213.55484,212.26804
2019-05-22,192.729996,210.07214,210.02875,211.78377,202.06004,205.50073,210.56464
2019-05-23,195.490005,202.32582,202.3957,204.20265,203.12833,195.76003,206.2147
2019-05-24,190.630005,198.29753,198.61624,200.51698,196.46262,201.58238,207.85916
2019-05-28,188.699997,194.39491,194.8981,196.87189,193.32361,191.50531,196.96654
2019-05-29,189.860001,191.5117,192.19968,194.22919,195.95665,189.25208,197.43625
2019-05-30,188.220001,190.47324,191.3476,193.42941,193.14366,189.88066,193.6634
2019-05-31,185.160004,189.66968,190.67587,192.78131,188.97981,190.07397,193.27026
2019-06-03,178.970001,188.29893,189.39122,191.49005,182.54956,182.72328,188.53967
2019-06-04,193.600006,185.1686,186.29973,188.36354,185.24088,185.01125,187.92555
2019-06-05,196.589996,188.5337,189.86446,191.99022,185.36633,192.08264,190.57239
2019-06-06,205.949997,192.66266,194.07657,196.23091,197.34894,189.15994,200.6435
2019-06-07,204.5,199.40605,200.89177,203.05516,199.96577,208.33122,202.43243
2019-06-10,212.880005,203.71088,205.12454,207.21944,208.6678,203.9081,212.92738
2019-06-11,217.100006,209.5609,210.93297,212.9692,208.82147,217.04735,208.53603
2019-06-12,209.259995,214.9643,216.23611,218.1994,212.94005,208.8768,217.17957
2019-06-13,213.910004,215.2795,216.32852,218.17058,212.8519,217.86024,214.78961
2019-06-14,214.919998,216.48898,217.42581,219.21114,211.14595,216.44205,220.62944
2019-06-17,225.029999,217.31613,218.14554,219.90443,218.4295,219.89084,221.4779
2019-06-18,224.740005,221.48773,222.30128,224.08281,221.28923,223.68646,230.18571
2019-06-19,226.429993,224.29811,225.00957,226.77802,229.84924,228.996,229.32037
2019-06-20,219.619995,226.66368,227.27663,229.0185,232.63963,231.97679,237.49608
2019-06-21,221.860001,225.41481,225.8654,227.55232,225.3559,223.11183,229.28372
2019-06-24,223.639999,224.93599,225.32458,226.99997,220.93503,229.19789,230.01724
2019-06-25,219.759995,225.11833,225.47473,227.16498,226.27052,223.29022,233.74544
2019-06-26,219.270004,223.7363,224.0309,225.72397,226.7873,228.67615,233.17087
2019-06-27,222.839996,222.47668,222.7552,224.46288,220.71065,223.53648,229.93404
2019-06-28,223.460007,222.96794,223.28273,225.02692,225.7049,228.24298,232.13158
2019-07-01,227.169998,223.71184,224.04077,225.80923,229.93646,223.17618,230.25136
2019-07-02,224.550003,225.74387,226.10182,227.88823,225.04112,230.0401,228.43282
2019-07-03,234.899994,226.246,226.56633,228.33618,229.58173,227.47447,234.38586
2019-07-05,233.100006,230.45155,230.82822,232.60901,231.37904,234.7637,228.93582
2019-07-08,230.339996,232.79802,233.11061,234.8575,234.64029,231.29764,239.79617
2019-07-09,230.059998,233.15445,233.37209,235.06314,234.34981,234.08812,234.7134
2019-07-10,238.919998,232.95729,233.10664,234.75943,232.36824,232.82063,237.05145
2019-07-11,238.600006,235.98895,236.15979,237.82095,236.947,240.93462,233.56517
2019-07-12,245.080002,238.02751,238.1386,239.78416,239.97002,237.75032,247.97913
2019-07-15,253.5,241.79767,241.88843,243.52034,247.71808,247.86812,245.42998
2019-07-16,252.380005,247.58289,247.65004,249.25943,249.83766,252.51176,254.89311
2019-07-17,254.860001,251.04163,250.97313,252.51102,256.39212,253.75885,253.04091
2019-07-18,253.539993,253.96507,253.77054,255.23463,254.3125,257.05115,256.09424
2019-07-19,258.179993,255.05008,254.70073,256.09442,256.88992,255.16977,259.0325
2019-07-22,255.679993,257.1414,256.70187,258.0584,258.3844,263.62845,258.84702
2019-07-23,260.170013,257.36743,256.79382,258.11334,257.50204,259.19345,258.75543
2019-07-24,264.880005,258.94727,258.31564,259.62488,263.87726,263.95563,262.9878
2019-07-25,228.820007,261.7343,261.05774,262.3625,264.54596,262.42706,267.09406
2019-07-26,228.039993,249.76186,248.71324,249.91635,255.79495,241.82709,253.52834
2019-07-29,235.770004,240.31224,239.29561,240.53131,226.9592,242.96205,240.59341
2019-07-30,242.259995,236.768,235.96748,237.35728,230.081,231.17534,239.59961
2019-07-31,241.610001,237.58278,237.00827,238.56198,243.99803,238.42487,246.38078
2019-08-01,233.850006,238.75093,238.30508,239.9481,242.55357,244.53581,247.90787
2019-08-02,234.339996,237.04106,236.6209,238.27182,245.24275,243.04085,241.87666
2019-08-05,228.320007,236.08058,235.73862,237.3944,236.2437,228.99246,234.06612
2019-08-06,230.75,233.22728,232.9075,234.55493,231.39896,232.14058,224.52588
2019-08-07,233.419998,232.17412,231.95026,233.61852,224.30283,233.29482,229.55092
2019-08-08,238.300003,232.68254,232.55429,234.25385,232.7856,230.35959,233.33502
2019-08-09,235.009995,235.17073,235.13367,236.85812,235.16386,239.49826,233.75131
2019-08-12,229.009995,235.86528,235.8181,237.52164,236.98856,233.38484,238.82161
2019-08-13,235.0,233.96947,233.86955,235.52841,237.27768,232.45555,233.91498
2019-08-14,219.619995,234.72453,234.6789,236.34035,231.02692,229.65634,229.56204
2019-08-15,215.639999,229.45982,229.3004,230.9184,226.42232,229.7412,228.73665
2019-08-16,219.940002,223.96552,223.81746,225.4348,214.90929,223.2518,220.16507
2019-08-19,226.830002,221.78116,221.7625,223.44954,220.29678,216.47444,221.53242
2019-08-20,225.860001,223.3368,223.4794,225.26013,222.05981,222.9227,220.93549
2019-08-21,220.830002,224.62343,224.83238,226.65378,226.68234,222.82098,224.27853
2019-08-22,222.149994,223.83011,224.03638,225.84355,229.13763,226.16618,225.75267
2019-08-23,211.399994,223.72812,223.97168,225.77098,220.9984,221.20547,219.41269
2019-08-26,215.0,219.58664,219.77016,221.52844,215.74416,217.57048,211.23181
2019-08-27,214.080002,217.84573,218.10509,219.87988,212.60094,216.781,213.89589
2019-08-28,215.589996,216.46758,216.78482,218.58969,215.10545,213.23679,213.9584
2019-08-29,221.710007,216.28937,216.6815,218.52136,215.8831,214.4252,216.23642
2019-08-30,225.610001,218.75806,219.25024,221.13205,218.52098,219.95236,220.69511
2019-09-03,225.009995,222.28902,222.8324,224.72781,228.54123,225.77257,225.19275
2019-09-04,220.679993,224.64899,225.16573,227.02806,223.16864,224.12552,220.54916
2019-09-05,229.580002,224.47891,224.91212,226.71107,222.98383,225.19887,223.95421
2019-09-06,227.449997,227.43613,227.89285,229.67894,221.67104,228.26198,222.37523
2019-09-09,231.789993,228.67038,229.05661,230.80847,229.9928,224.50467,229.60866
2019-09-10,235.539993,230.97897,231.336,233.06699,229.29578,234.88768,226.92123
2019-09-11,247.100006,233.90878,234.22662,235.93825,231.29793,232.9936,235.08403
2019-09-12,245.869995,240.27934,240.60516,242.30943,242.97156,243.81906,238.64354
2019-09-13,245.199997,244.20174,244.39702,246.03587,247.44145,244.50485,248.1159
2019-09-16,242.809998,246.25165,246.29425,247.8509,246.23972,254.38219,240.70609
2019-09-17,244.789993,246.24812,246.13171,247.6173,241.54547,241.24057,244.89369
2019-09-18,243.490005,246.53381,246.32233,247.77783,248.97806,244.87917,243.94612
2019-09-19,246.600006,245.98242,245.6783,247.12177,244.97697,249.41852,248.81465
2019-09-20,240.619995,246.61172,246.2759,247.73251,243.79503,247.64749,248.83229
2019-09-23,241.229996,244.73184,244.30635,245.7592,249.0727,243.3982,250.68674
2019-09-24,223.210007,243.50551,243.06847,244.53899,243.62604,245.79044,239.31644
2019-09-25,228.699997,235.78635,235.21573,236.66655,237.2265,231.67586,241.88838
2019-09-26,242.559998,232.22227,231.7726,233.2908,226.14856,231.88025,231.15489
2019-09-27,242.130005,235.4424,235.2178,236.86288,237.0182,236.10158,240.2889
2019-09-30,240.869995,238.27939,238.12357,239.8215,245.02904,244.97133,240.0701
2019-10-01,244.690002,240.03677,239.88834,241.57286,246.48604,240.04778,246.4541
2019-10-02,243.130005,242.68759,242.557,244.21437,244.27203,244.0621,235.82628
2019-10-03,233.029999,243.86122,243.68143,245.28978,241.66956,241.1769,239.3914
2019-10-04,231.429993,240.57182,240.26488,241.80325,239.22247,240.54405,234.8489
2019-10-07,237.720001,237.26237,236.9298,238.44975,234.50607,235.09439,240.34949
2019-10-08,240.050003,237.26797,237.01509,238.58061,237.48805,238.71136,236.39
2019-10-09,244.529999,238.43863,238.2379,239.84737,239.62396,238.80537,245.33223
2019-10-10,244.740005,241.20187,241.05077,242.68564,244.05304,241.13495,246.41698
2019-10-11,247.889999,243.35748,243.19176,244.81302,246.89597,244.48976,247.55325
2019-10-14,256.959991,246.00208,245.82057,247.41414,246.11618,248.15312,242.75168
2019-10-15,257.890015,251.22723,251.05702,252.62547,253.90666,257.07114,252.833
2019-10-16,259.75,255.14319,254.88263,256.38705,255.13399,259.7203,254.38477
2019-10-17,261.970001,258.2475,257.87524,259.30264,263.34595,259.50888,260.77115
2019-10-18,256.950012,260.8515,260.3617,261.71814,259.9913,265.19608,256.64874
2019-10-21,253.5,260.32773,259.66446,260.94904,260.32654,257.3896,258.79526
2019-10-22,255.580002,258.17545,257.3814,258.627,258.7225,257.1537,259.91977
2019-10-23,254.679993,257.1717,256.33966,257.5971,253.46513,259.124,258.09512
2019-10-24,299.679993,256.10242,255.2408,256.52573,255.32425,258.38367,258.98285
2019-10-25,328.130005,272.90063,272.39114,273.76453,275.42017,285.68378,276.12198
2019-10-28,327.709991,296.44028,296.01663,297.27267,316.92853,308.21356,301.68832
2019-10-29,316.220001,312.0981,311.30386,312.18826,328.26016,325.55835,310.87003
2019-10-30,315.01001,316.755,315.35602,315.82855,319.49432,320.75043,305.74667
2019-10-31,314.920013,317.6079,315.70648,315.90295,314.4023,321.52072,300.50696
2019-11-01,313.309998,316.76755,314.4708,314.53024,306.2665,313.64343,304.44638
2019-11-04,317.470001,314.7223,312.1245,312.14774,308.50452,319.71967,313.19617
2019-11-05,317.220001,314.4863,311.73468,311.78702,317.9569,319.10382,324.23932
2019-11-06,326.579987,314.1168,311.23682,311.3291,324.8867,318.65158,321.63208
2019-11-07,335.540009,317.46326,314.57657,314.70273,324.34253,320.67175,322.98123
2019-11-08,337.140015,323.3056,320.40244,320.51047,330.87875,328.77393,325.09222
2019-11-11,345.089996,327.84433,324.82376,324.84763,334.52048,335.8741,321.8752
2019-11-12,349.929993,333.69827,330.58673,330.49457,337.11017,343.21732,324.19086
2019-11-13,346.109985,339.1505,335.89093,335.65475,344.4077,349.99207,330.8704
2019-11-14,349.350006,340.84885,337.34525,336.96213,348.25125,342.39578,329.89157
2019-11-15,352.170013,342.67487,339.00726,338.51782,346.9925,346.29846,333.76093
2019-11-18,349.98999,344.57443,340.76404,340.19644,349.5368,350.97287,338.60535
2019-11-19,359.519989,344.69196,340.71548,340.08865,350.7116,348.5894,340.54962
2019-11-20,352.220001,348.19083,344.17987,343.51108,354.10278,355.76526,347.61584
2019-11-21,354.829987,347.57516,343.3818,342.6597,352.7119,351.33453,343.03485
2019-11-22,333.040009,347.92114,343.6609,342.91092,353.33,350.79837,343.50504
2019-11-25,336.339996,339.60873,335.09946,334.3541,344.16754,336.1199,334.9098
2019-11-26,328.920013,335.07462,330.63986,329.9918,335.8105,340.29526,328.35782
2019-11-27,331.290009,329.4036,325.00992,324.4941,326.77292,326.98257,320.68454
2019-11-29,329.940002,326.8317,322.61057,322.2384,331.1029,329.93448,321.35455
2019-12-02,334.869995,325.07605,320.99954,320.7456,330.06155,326.87747,320.4072
2019-12-03,336.200012,326.23328,322.34106,322.16718,331.79587,330.6012,317.5345
2019-12-04,333.029999,327.91702,324.13492,323.98758,335.4692,324.7918,323.9493
2019-12-05,330.369995,328.01007,324.25513,324.09576,334.25775,331.08368,320.03824
2019-12-06,335.890015,327.03683,323.2938,323.11966,328.7216,330.31592,316.0028
2019-12-09,339.529999,328.47598,324.81195,324.63464,327.5596,331.75626,315.67194
2019-12-10,348.839996,330.9193,327.29416,327.09802,333.02536,332.19568,321.818
2019-12-11,352.700012,336.18695,332.61398,332.3674,341.3915,342.39896,325.2024
2019-12-12,359.679993,341.16907,337.5462,337.19998,349.3452,348.4662,336.53735
2019-12-13,358.390015,346.95898,343.26566,342.7873,353.75742,351.72745,335.69644
2019-12-16,381.5,349.95483,346.07895,345.4522,353.73004,350.84735,344.24954
2019-12-17,378.98999,360.4493,356.5905,355.8073,362.879,372.7862,348.57156
2019-12-18,393.149994,366.06863,361.93723,360.9363,372.84662,368.752,360.68372
2019-12-19,404.040009,374.6296,370.34335,369.11716,376.60165,385.75253,357.6825
2019-12-20,405.589996,383.85175,379.34818,377.8596,390.41306,392.08795,374.28455
2019-12-23,419.220001,389.77026,384.92905,383.16348,402.86502,399.87292,377.54227
2019-12-24,425.25,398.109,393.03796,391.00693,402.87143,409.51083,388.65515
2019-12-26,430.940002,405.12155,399.74188,397.4326,411.98462,420.84042,392.3959
2019-12-27,430.380005,411.11084,405.41858,402.84125,424.77737,420.50632,405.39227
2019-12-30,414.700012,414.0365,407.99017,405.17908,421.12082,425.44962,401.8184
2019-12-31,418.329987,409.2453,402.75485,399.8096,417.66287,413.5629,405.0311
2020-01-02,430.26001,407.04272,400.4079,397.4539,409.20676,416.43402,396.98514
2020-01-03,443.01001,410.05014,403.4291,400.48352,417.3463,419.88425,403.95676
2020-01-06,451.540009,416.94086,410.34323,407.3295,430.55167,431.328,413.3115
2020-01-07,469.059998,424.59338,417.9328,414.7484,442.7113,440.91406,422.91815
2020-01-08,492.140015,435.94092,429.24655,425.78882,452.6618,455.35944,421.317
2020-01-09,481.339996,451.49756,444.74258,440.87427,466.62027,468.6293,439.888
2020-01-10,478.149994,456.35834,449.11356,444.79227,476.7208,469.72617,439.27756
2020-01-13,524.859985,457.32986,449.66788,445.02972,469.43863,474.35013,442.9307
2020-01-14,537.919983,474.99216,467.46655,462.49332,481.4775,502.35025,453.90137
2020-01-15,518.5,490.09183,482.2987,476.79456,514.13635,506.92377,481.54962
2020-01-16,513.48999,491.15057,482.68085,476.68637,519.4315,510.74374,485.21213
2020-01-17,510.5,489.1595,480.2207,473.9582,503.28867,513.1218,478.32697
2020-01-21,547.200012,486.2082,476.94974,470.57788,499.93713,495.65543,472.0136
